{
  "MLP_Baseline": {
    "train_loss": [
      0.6113516728878021,
      0.44222058192888897,
      0.40129052837689716,
      0.37447459638118746,
      0.35443653611342113,
      0.34099748293558757,
      0.32797706774870555,
      0.31829162549972534,
      0.3131428444782893,
      0.3024538065592448,
      0.2700547516345978,
      0.26038810193538664,
      0.2524776797493299,
      0.25341727966070177,
      0.2468412924806277,
      0.24353261037667592,
      0.23769754123687745,
      0.23470090240240096,
      0.2307008939186732,
      0.22508747774362564
    ],
    "val_loss": [
      0.42727272629737856,
      0.3702642424106598,
      0.364901607910792,
      0.34439925384521486,
      0.3513413989543915,
      0.32874080443382264,
      0.31850511833031975,
      0.32839591821034747,
      0.3223307067553202,
      0.31698188396294913,
      0.30935432386398315,
      0.3060026842355728,
      0.3006254728635152,
      0.3024550199508667,
      0.2971577455600103,
      0.302168283979098,
      0.29913773731390636,
      0.300319496512413,
      0.30620956655343373,
      0.30200949756304424
    ],
    "train_acc": [
      0.7815208333333333,
      0.8395208333333334,
      0.8541041666666667,
      0.8617708333333334,
      0.8698541666666667,
      0.8747083333333333,
      0.8792708333333333,
      0.8815416666666667,
      0.8843958333333334,
      0.8861041666666667,
      0.8977291666666667,
      0.9021875,
      0.9044166666666666,
      0.9049583333333333,
      0.9074166666666666,
      0.9087083333333333,
      0.91125,
      0.9116666666666666,
      0.9135,
      0.9147291666666667
    ],
    "val_acc": [
      0.8435,
      0.86425,
      0.8669166666666667,
      0.8760833333333333,
      0.87225,
      0.8820833333333333,
      0.8858333333333334,
      0.8779166666666667,
      0.8866666666666667,
      0.8859166666666667,
      0.8880833333333333,
      0.8925,
      0.89425,
      0.8939166666666667,
      0.89375,
      0.8935833333333333,
      0.8926666666666667,
      0.896,
      0.8953333333333333,
      0.8929166666666667
    ]
  },
  "LeNet_ReLU_AvgPool": {
    "train_loss": [
      0.6635005870660146,
      0.4293152623176575,
      0.3775976206858953,
      0.34447717742125195,
      0.3211597979068756,
      0.3036834730307261,
      0.28581357634067533,
      0.27327414345741274,
      0.2616661613782247,
      0.25224476009607316,
      0.22758833501736322,
      0.2181865238547325,
      0.21393370978037515,
      0.20783017617464067,
      0.2022833647529284,
      0.19755772467454275,
      0.19204277112086615,
      0.18862839259703953,
      0.18323863647381464,
      0.17955964773893357
    ],
    "val_loss": [
      0.4880106118520101,
      0.40291442863146465,
      0.37656547911961874,
      0.3453380626440048,
      0.32305514152844744,
      0.3163438932498296,
      0.30669006911913554,
      0.28616371933619184,
      0.2844704122543335,
      0.3025877341826757,
      0.27441861565907794,
      0.27074918846289314,
      0.2601001454591751,
      0.2609510489702225,
      0.26550869421164197,
      0.25997246277332303,
      0.2574181836048762,
      0.2556022754907608,
      0.2551550834576289,
      0.26716004208723704
    ],
    "train_acc": [
      0.7625416666666667,
      0.8432916666666667,
      0.8617916666666666,
      0.8742708333333333,
      0.8828541666666667,
      0.8887708333333333,
      0.8955,
      0.8994166666666666,
      0.9036666666666666,
      0.9067083333333333,
      0.9161875,
      0.9204583333333334,
      0.9207291666666667,
      0.9238125,
      0.9252083333333333,
      0.9266875,
      0.9297708333333333,
      0.9310208333333333,
      0.9326458333333333,
      0.9336875
    ],
    "val_acc": [
      0.8225,
      0.8521666666666666,
      0.8615833333333334,
      0.87325,
      0.8828333333333334,
      0.8840833333333333,
      0.8895,
      0.8959166666666667,
      0.8991666666666667,
      0.8908333333333334,
      0.9035833333333333,
      0.9056666666666666,
      0.90675,
      0.9085833333333333,
      0.90475,
      0.9094166666666667,
      0.9091666666666667,
      0.9090833333333334,
      0.9109166666666667,
      0.9076666666666666
    ]
  },
  "LeNet_ReLU_MaxPool": {
    "train_loss": [
      0.6074464800357818,
      0.3925132815440496,
      0.3449769735733668,
      0.3115606954495112,
      0.28776467170317965,
      0.2701801652312279,
      0.25668971429268517,
      0.24162622594833374,
      0.22978248288234074,
      0.2192112733721733,
      0.19136684745550156,
      0.18024469182888667,
      0.17537338217099507,
      0.1696883853574594,
      0.16361886541048687,
      0.15727672735850015,
      0.14922636113564172,
      0.1461523079574108,
      0.13892715791861215,
      0.13400516970952353
    ],
    "val_loss": [
      0.4450578997135162,
      0.3701659718354543,
      0.334206466794014,
      0.34349480978647867,
      0.3041356799999873,
      0.29800925906499226,
      0.3035068465868632,
      0.28583331998189293,
      0.282996949950854,
      0.3184206336736679,
      0.270330353140831,
      0.26648687851428987,
      0.2646596854527791,
      0.27205038527647657,
      0.2735300830602646,
      0.272672754128774,
      0.2747263817389806,
      0.279027125954628,
      0.2907201140721639,
      0.29920039443175
    ],
    "train_acc": [
      0.7828541666666666,
      0.8588541666666667,
      0.8740625,
      0.8872083333333334,
      0.894125,
      0.9006041666666667,
      0.9061458333333333,
      0.9113125,
      0.9142708333333334,
      0.9186041666666667,
      0.92925,
      0.9333958333333333,
      0.9354583333333333,
      0.93725,
      0.9390625,
      0.9415833333333333,
      0.9453541666666667,
      0.9461458333333334,
      0.9490625,
      0.9510416666666667
    ],
    "val_acc": [
      0.8449166666666666,
      0.8654166666666666,
      0.8795833333333334,
      0.8790833333333333,
      0.8909166666666667,
      0.8920833333333333,
      0.8905833333333333,
      0.89725,
      0.8979166666666667,
      0.888,
      0.9059166666666667,
      0.9086666666666666,
      0.9071666666666667,
      0.9065,
      0.903,
      0.9063333333333333,
      0.9089166666666667,
      0.90825,
      0.9054166666666666,
      0.9054166666666666
    ]
  },
  "LeNet_Sigmoid_AvgPool": {
    "train_loss": [
      1.3308526328404744,
      0.6783878574371338,
      0.5786364316940308,
      0.5240690863927205,
      0.48459812784194944,
      0.4572094755967458,
      0.4320178689956665,
      0.4161078530152639,
      0.4009132190148036,
      0.38832616845766704,
      0.3706812465588252,
      0.36394541390736895,
      0.35749256694316867,
      0.3527621518770854,
      0.3489734486738841,
      0.3423505917390188,
      0.3385078458388646,
      0.3349228989283244,
      0.32918682622909545,
      0.3265629444917043
    ],
    "val_loss": [
      0.7900784428914388,
      0.6250985260009766,
      0.5550751816431682,
      0.50861665447553,
      0.4756351541678111,
      0.45723574837048847,
      0.42287863945960996,
      0.4123414663473765,
      0.414609712044398,
      0.39483966358502703,
      0.3806304585933685,
      0.3793212179342906,
      0.3705547490914663,
      0.36342602149645487,
      0.3634202702840169,
      0.36097580965360004,
      0.35286070370674133,
      0.3478881295522054,
      0.3477853101094564,
      0.3594586497942607
    ],
    "train_acc": [
      0.5301875,
      0.7456041666666666,
      0.7779166666666667,
      0.801375,
      0.8197708333333333,
      0.8300833333333333,
      0.840375,
      0.8473333333333334,
      0.8524791666666667,
      0.8565625,
      0.8647708333333334,
      0.8661458333333333,
      0.8691041666666667,
      0.870125,
      0.8718333333333333,
      0.873875,
      0.8763958333333334,
      0.8775,
      0.8794583333333333,
      0.8800208333333334
    ],